time,DEF_OSBS,DEF_TALL,DEF_ORNL,FLUXCOM_OSBS,FLUXCOM_TALL,FLUXCOM_ORNL,MODIS_OSBS,MODIS_TALL,MODIS_ORNL,GOSIF_OSBS,GOSIF_TALL,GOSIF_ORNL,ORNL_OSBS,ORNL_TALL,CAL_ORNL,CAL_OSBS,OSBS_TALL,OSBS_ORNL,TALL_OSBS,CAL_TALL,TALL_ORNL
2002-01-01,3.479594381091332,1.6252709832537795,0.9032327142329213,1.1979328,0.6330749,0.22879188,1.6128655332529782,0.8601340967705797,0.5829543698448963,1.9662923893905866,1.0450653275707125,0.7762549554866586,3.3327155810515503,1.5346082815068613,0.9736838661879683,2.633797326524655,1.4363395693705698,0.34212480615076135,2.361913405141232,1.0726773562572092,0.5150539146171157
2002-02-01,4.069833936363277,1.6979842285340672,0.9506972729053533,1.4381106,0.6279507,0.20997156,2.0476742725694193,1.1094076023104427,0.8123138234618587,2.2213302852674786,1.2657937816837266,0.982888147864456,4.011227874205058,1.674241710814698,0.9533279889718904,3.5555879373827217,1.5014387720245406,0.2676422431511876,3.0471349801942194,1.1253579192209404,0.3173947269706407
2002-03-01,4.628077201507289,2.0563651863087262,1.190415947591672,1.7643068,0.95923316,0.44461796,3.0662084396212603,2.0071265287784756,1.601896321196506,3.3364771689897217,1.879402576938602,1.4471986494687665,4.49220221507191,2.0241917248299894,1.1695474455408839,4.12748959943228,1.8213116740404176,0.37172991071930694,3.3943373125045437,1.3456084268960413,0.43990016090231243
2002-04-01,6.7345746062870155,3.2716709762767358,2.4039581570190784,3.0768347,2.0898507,1.3830866,5.6700710356032555,4.754798914413101,4.1726882543059975,5.763319550689858,4.828112779765005,3.8871606320538206,6.771943708250624,3.2850612715851546,2.4355265663209904,6.366386606737184,2.7402094881632717,0.8441434143431701,5.398245516664532,2.230788941007796,1.2546318518347128
2002-05-01,7.377876352108914,4.886249947922405,5.408280231256582,4.5005116,4.674913,4.170379,7.286329428726737,8.069861328726514,8.238459359860181,7.513642077083953,8.811742627473155,9.731379919806292,7.705806131849013,4.780835898407525,4.582815050732182,6.763469777569828,4.091165080656105,2.068788849380902,6.100358754302242,3.5037840376856786,2.9407364924534143
2002-06-01,7.287954553708369,7.247097707836844,10.265947864405996,5.130752,6.8811045,7.921792,7.77504845274164,9.073564737652127,10.694387253077767,7.617775701374287,9.158549000893277,11.255580278014605,8.095495361778545,6.451337277319859,8.041124061677488,5.521949530993003,5.580450918767519,5.103285346661003,5.76403098823901,5.293864724695012,6.7727400303657355
2002-07-01,7.730901173568606,8.078329761551583,11.358931402885988,6.0951476,7.6690683,9.443651,7.952894378049161,9.228436698645295,11.316178867992635,7.727492961195711,8.630661444011698,10.468627314109476,8.296212565820444,7.233490765714512,9.221148586240064,5.637481802227719,5.838762146003304,6.164937474102556,5.618110461478846,5.944463813166752,7.893850281251854
2002-08-01,8.654216235835401,7.610002925005514,10.352585973527956,6.623103,7.3219595,9.405494,7.431561257052333,8.047700096345237,9.62279899906088,7.424834799575117,7.8421680100902895,9.09226953814857,8.541272544809479,6.782693644606083,8.308538388183242,6.582294148295649,5.036906207447495,5.746352999818775,6.23792383431273,5.429840823963064,7.364272047972861
2002-09-01,7.9858195260958444,6.757551018435898,7.55579096664907,5.8628798,5.6870527,7.101893,6.069914106067511,5.621127668677036,6.443798976732831,6.601032621508187,5.991900578383272,6.599531739285752,7.792603767559446,6.081944173583344,6.931977492208793,5.99930287724296,3.6419772722034156,4.709204274764118,5.710206420023769,4.368618430187726,6.249228367601036
2002-10-01,7.200213512325171,5.1631144434603975,4.443419547932836,4.98005,3.898812,4.3578367,4.326894729060893,3.4768858234300537,4.194098114518506,5.185986945959058,3.8041097004848194,4.120648498383807,6.964193176357345,4.775301557098263,4.7195405991092345,6.357575090490691,2.807723282907113,3.1832097595350803,5.449340760654942,3.2824923466611207,4.364274863877482
2002-11-01,6.139282534770648,3.908754725456211,4.548142738247257,3.6230564,2.4668884,2.1629047,2.8829357388690595,1.714381669562102,1.7082519426589844,3.1003434169541957,1.885443150709942,1.584515254820713,5.793099994784377,3.312059609494593,3.228886452814706,6.354279427454863,2.9249842128532877,2.1575190285042565,4.998047333975025,2.659290023838315,3.168295504342896
2002-12-01,4.486948583664764,2.0314141280820883,1.3816499255165118,2.187815,1.1224394,0.6644281,1.931817711942525,0.9864518759419758,0.8085137835964538,2.0945696517113483,1.0878081179188912,0.800997890504328,4.194549608898368,1.8874654749339372,1.3294985271513553,4.707659372971415,1.729630323697515,0.4980297233631714,3.5867646562370714,1.3248876189770733,0.7231855394627795
2003-01-01,3.8665059339365984,1.6037163646878034,0.9121128126086457,1.6134436,0.580443,0.24465357,1.7054152796314455,0.8890061399305674,0.6505583819496913,1.9438779500642902,1.0038715837758925,0.6692302346053157,3.663890215767322,1.5478035590456367,0.9173009937549028,3.9268191361376394,1.3455183971086946,0.2757801494849712,3.0612832136205244,1.0339974303471124,0.38791798988197773
2003-02-01,3.8988983153094576,1.5159033721017707,0.6954844087697348,1.5042155,0.5317148,0.11415731,2.0194243619761996,1.1017901215706374,0.6852263157801929,2.174743445820991,1.1326654709259563,0.7252130266308061,3.8532002130163887,1.5344685765908443,0.7218241648618362,3.873247923247162,1.2883535214325812,0.1966564294941055,3.0717205464450696,0.9648457566787412,0.2436563254006565
2003-03-01,5.317941130720986,1.9175192226669122,0.4694037213799579,1.855659,0.851508,0.36871427,3.6316024208162987,2.2654820936234747,1.8115773105202155,3.516927502278685,2.2024277627410873,1.746131474271768,5.220728063346975,1.8693259015343389,0.4727115017426966,5.308977608721147,1.6966009881849105,0.14105015752244965,4.234579047941441,1.242700099796245,0.12796532154516052
2003-04-01,6.827626478172206,3.421354320922562,1.5433350223311257,3.4243324,2.0889692,1.4245448,5.972951104442725,5.261944583540295,4.955586769814729,5.856146455603861,5.344740017605903,4.554436600975573,6.6980753519183756,3.3427960087869253,1.6006042635804032,7.0740854191782105,2.974445488790277,0.5334688439860426,5.557592747300484,2.3483392586599505,0.6308507231616963
2003-05-01,8.44747111634233,5.232543584219256,3.707405042240008,4.8297114,4.4798555,4.090059,7.493636893295436,8.31437797577445,8.775984101373103,7.274745660014507,8.663291083473545,9.70357951625649,8.500244975881717,5.0501409599785,3.3054298119228585,8.774899810261266,4.28857095643243,1.3391349690435759,7.109061767887192,3.721491862495142,1.6623957626401813
2003-06-01,9.40040267967503,7.60661821838846,9.60825464379834,5.6267695,6.8834147,7.8413615,8.104899518985025,9.260538363728816,10.369190345435914,7.747810369076245,9.270780212136831,11.035005386797243,9.708028835633645,6.761295734356011,7.486939724670551,10.276194943819503,5.933637775178992,4.666472423363908,8.432432556361212,5.620651039751002,6.0429509060569
2003-07-01,9.64242694731694,8.28243052589057,11.392144139242124,6.840534,7.8543067,9.347672,8.227580512122406,9.431725123500765,10.835701937164014,7.812614215990443,9.02026684651715,10.666749310947617,9.826809977162332,7.463234309482644,9.15780308559071,10.29759145416871,6.598168234656397,5.9417242958306815,8.359640784546583,6.2856742923455835,7.637516741477185
2003-08-01,9.535126377003674,7.668165365115182,11.368708536221812,7.0304136,7.490457,9.553773,7.576584290644041,8.193690425639506,10.084833067509242,7.364522597873729,7.842722182761647,9.758279017174486,9.588963827580475,6.983289933543962,8.906944399722208,10.122443235351977,6.127916477261651,5.9664786923235855,8.198816363022239,5.875255133693374,7.601273260590257
2003-09-01,8.742105926366987,6.299649982752073,9.998222396274132,6.2716136,5.7899046,7.451773,5.941584858717033,5.937507838185811,7.189227152184093,6.264541392039072,6.277172759644606,7.5745020226054205,8.744619763807545,5.806376964692727,7.513630667648507,9.395654625962855,5.079554825842483,5.201422367451465,7.537463184182,4.855621593518286,6.648822005084975
2003-10-01,7.608028421262847,5.643782761291605,8.419727383154909,4.844136,4.1172824,4.6474743,4.015258665238639,3.419944519299977,3.340985912383447,4.660922175502175,3.9775674060753237,3.7033874887540064,7.423250931980701,4.857906516184866,5.904506018899858,8.056863168344998,4.239230561325325,4.094807965289954,6.663339327162717,4.129886174861532,5.4331151730583045
2003-11-01,6.477038933021955,4.615948922733376,6.002911870714595,2.985233,2.1065829,2.0177433,2.7008460227028355,1.8025426862524483,1.4501188643710714,3.406961749694662,2.149467693256284,1.626701439335346,6.211148842043679,3.89892252744821,4.204110893940348,6.367455173878885,2.8899850026533653,2.6418675129798097,5.520180530143598,3.0297885085401557,3.7303458897846764
2003-12-01,5.047277750252337,2.315462258881809,1.7835307556182145,1.7958598,0.9207986,0.62795556,1.8702707783456052,1.0289933382850989,0.8682761875278225,2.1156023625982567,1.1659279651875343,0.8500884395770313,4.781517775381228,2.159387251338604,1.646621224863079,4.9186814208862675,1.5633249913541836,0.5946895993795107,4.260199349871761,1.484779819869248,0.9308612152164296
2004-01-01,3.9666013741044956,1.655666017010956,0.9425693612651928,1.3122741,0.5869695,0.23975001,1.647593445325355,0.854822550562573,0.633022284386235,1.875796618015329,1.0060981611642548,0.7223361791710827,3.8204617494863555,1.6223801679118053,0.9440617245335817,3.65377011272906,1.3122767177529082,0.27361666094869447,3.337213471504752,1.0766339242165293,0.4255263325343547
2004-02-01,3.9612469282166676,1.6523130626590665,0.8791509612123186,1.2260844,0.5702069,0.14857157,1.9915579501495273,0.9961284857009103,0.7079208117267545,2.074607983680208,1.0838374063184653,0.8013769771514779,3.872187061424546,1.6421900073779991,0.9284007043421718,3.468823401848579,1.3340798017598008,0.2437539644546368,3.3263616929915316,1.06888218997924,0.353310429566179
2004-03-01,4.839905806769057,1.9634207350125228,0.6649033144205982,2.0156224,0.9375829,0.4347221,3.2557290660693186,2.1632415535848186,1.6504860434295638,3.4592518204296105,2.2932972889061527,1.6237254989242482,4.69099718271825,1.9437955216927916,0.691401871246205,4.5786446573487956,1.6298804307221695,0.16570804330884517,3.8068158456342105,1.2421211213730972,0.15543937604115263
2004-04-01,7.17444882832229,3.3789473121773304,1.8216184651317933,3.0449955,2.1559973,1.4107043,5.692251364898359,5.209439672569035,4.504892623951308,5.680894221649212,5.1481519861363685,3.974335729699726,7.160266814947605,3.320396085493562,1.6906526459516504,6.858408125548598,2.9590882463900114,0.5302290962415739,5.95881522167782,2.409043142776774,0.651658561143146
2004-05-01,8.191060181107714,5.387872455731956,4.937503434758229,4.2144423,4.5703607,4.160536,7.555370714988996,8.461817244720935,9.06970740216843,7.327881312006253,8.688042768506198,9.915821738484881,8.362579788456102,5.056658956712121,3.8816778341813705,6.82030019125122,3.9158966882660957,1.5569250729873163,7.072272435046723,3.7154772325182206,2.0182404115135837
2004-06-01,8.772957174497808,7.738092875159536,11.009954927854448,5.515251,6.8087044,8.009602,8.202635635049766,9.780769721273938,11.192097653818008,7.682119853502658,9.240814189551847,11.79583809866321,9.350395148781528,6.975104907910032,8.300678509311426,7.261606995446013,5.510644462487714,5.369631574326264,7.66753765774897,5.746959588044703,6.97615814598801
2004-07-01,9.060815785355611,8.067832084511288,11.75129408650842,6.7541366,7.9920926,9.470648,8.26562535200285,9.853175172672977,11.534207150945145,7.937408081845158,9.33746882142832,11.308147600006102,9.74611072722373,7.18979637693033,8.972521902924944,8.38006725718363,5.901317727734685,6.0443408138595105,7.789033406384546,5.95286632430048,7.802050266159538
2004-08-01,9.471551743096116,7.986017678212321,11.557182235525326,6.834823,7.6291814,9.45623,7.540115162320296,8.509157126376435,10.0070749804377,7.405417183262177,8.640449207654637,10.621143899829093,9.591806705460636,7.197194657892755,8.791839854470902,7.422289836573514,5.516623147764263,5.953030347611472,7.306203742446787,5.754966089334042,7.662689426122392
2004-09-01,8.769425459311888,7.185387455245398,10.251378596585386,5.8719893,5.7028403,7.2836747,5.937782047887032,5.717429576086178,6.857063764437391,6.308515118502197,6.162685213033454,7.145822500932094,8.731283087470057,6.515888297530403,7.798180694814661,6.701678197676919,4.3790629251417545,5.2140672307735185,6.294048712230898,4.851269815368649,6.856257552564966
2004-10-01,7.903847862690421,5.502157667916096,8.307738854990617,4.7100215,3.7151759,4.509996,4.143082967582713,3.13839375542052,3.286307008329859,5.008789001152959,3.832579363219612,3.6243272631692425,7.625805583487511,5.316452463617833,6.134778944773686,6.853393569860516,3.563641944180382,4.292385835191069,6.102766252031797,3.9330945092315295,5.7124310136011545
2004-11-01,6.616946847434086,4.008045166381329,5.886074260620666,3.1011553,2.1250618,1.9239533,2.8828441928831157,1.9659029635292173,1.5260125738665604,3.402539775881789,2.0594804643309126,1.580687484596944,6.274606688757112,3.767319087980557,4.324864670507384,5.765369762838449,2.890226778577687,2.824585947452952,5.032924918422387,2.8993276040169724,4.030608478326337
2004-12-01,5.050464861637792,2.1614335691553306,1.5872786958777336,1.8537706,1.1994842,0.6841675,2.0384112882887333,1.0936029125015672,0.8999328626279403,2.233110848467426,1.1833882198384746,0.8652787428545838,4.719131820947182,1.990243332553244,1.5300178482519178,4.585265154302245,1.7666401897674366,0.5293783558962672,3.9036061211057858,1.441087785386909,0.8859693733473502
2005-01-01,3.95789393277299,1.6191925567790957,0.958999639006097,1.3925326,0.6040038,0.23308648,1.7524105110809542,0.8991319626330045,0.6487176677237698,2.109382877027598,1.0737446715008963,0.7897099798596673,3.7968888799074567,1.5759993111776667,0.9392363836271264,3.7401424513725328,1.3929675556642238,0.28923272610227285,3.150548308982247,1.0877321999777523,0.4400114986796434
2005-02-01,4.378240791234643,1.8170250306196833,1.0566722551101946,1.342658,0.60931337,0.19696555,2.0347800520536263,1.1342101362034442,0.7659322775548082,2.2472365691756564,1.2989926567228083,0.864891065659509,4.235858592120959,1.769009836552778,1.0262958311367194,4.194260968488957,1.5573950182835856,0.3086228766530204,3.5107126022372985,1.21324312422254,0.3884805326307231
2005-03-01,5.204300793362473,2.3796918555504316,1.0972287282040767,1.7187626,0.9886417,0.44940788,3.0627663051416527,2.0182509623048484,1.4043804665177324,3.043609870492003,1.984659961714264,1.3120312986510905,5.1071536659731995,2.2756994592027815,1.0667492035323625,4.949906374160657,1.9817253742546983,0.32191189792873276,4.119324036433851,1.5327421895172528,0.3465063360942957
2005-04-01,6.854588648014399,3.321200915213416,1.7800789126855254,3.2661119,2.0394015,1.2983557,5.574834300714404,5.082059583791674,4.40014676446444,5.521610699294362,5.2400705030582495,3.805407738591892,6.80365239541187,3.2132677566196954,1.7954620410752296,6.598880728338169,2.702902501877447,0.5259617921749637,5.490993840478983,2.174652908611892,0.7142105894368468
2005-05-01,8.672863714164395,5.454382066179726,5.233418324672972,5.013654,4.680791,4.1262,7.416903092068101,8.287931822975144,8.06889082998724,7.34062123161636,9.054821728258387,9.619797509711631,8.668637716173553,5.024361113158099,4.16020988062299,8.580248802247514,4.171839458710383,1.873587192100977,7.158147301311951,3.6513837975630845,2.475208757482328
2005-06-01,9.947411880156503,7.936130643771607,11.361387309055852,5.7059097,6.6100955,7.8183994,8.150501671945882,9.711260591880361,11.057659834928135,7.905880090846805,9.482758227322725,11.366010006168771,10.186308869936115,7.165418937676665,8.642076948944396,9.42536902241676,5.998297831009735,5.484097631739135,8.500193892852442,5.759015672668863,7.189956068428194
2005-07-01,9.893938824555825,8.221030180846054,11.947971708867572,6.6469464,7.4804516,9.14056,8.15499747083006,10.07447929200133,12.092028183198206,7.844953740516514,9.030071671325297,10.831429353392348,10.066987709541573,7.5186796340121305,9.379449670115106,9.776365953636033,6.308565889587483,6.253327129336961,8.489228038358338,6.116027950883423,8.045183699411828
2005-08-01,9.426946100752607,7.290310393144526,11.175462163113982,6.7774205,7.312831,9.29895,7.670680411130163,8.391379349993601,10.073102270645709,7.466048385897542,7.866139858992735,9.397297113081184,9.807459422561843,6.965005401713149,8.56681835705377,8.801252155715703,5.3888659270179895,5.9191000052988665,7.872161768766961,5.391209036266728,7.614906421237354
2005-09-01,8.709415100974155,5.610637903233961,8.238023562247767,6.1385064,5.8471613,7.4807577,5.890193160987307,5.993043448252125,6.938425666051812,6.418142073634301,6.47446654901142,7.350784130779802,8.822490111684093,5.764224195990651,7.321657737305191,7.5507016742663895,4.206756362353967,4.827783772602541,6.922930926860137,4.359672576471153,6.586593841311653
2005-10-01,7.401176419383289,5.082713832246267,5.6020257780082225,4.4057717,3.935169,4.4481564,4.042909365035417,3.655120871765318,3.8092118658182614,4.7782717752618495,4.341443715403961,4.161320175895125,7.665732156606209,4.8546312919836065,5.809742130047838,5.485393506574308,3.6630143677060154,3.7149050573566327,5.625831649533036,3.8791073398334284,5.410116321495696
2005-11-01,5.948553116469939,3.824063221238086,3.695163309990093,2.9263034,2.0282009,1.823839,2.562630225333913,1.6334300439466876,1.3703016975173912,3.1966624001640445,2.165480942044394,1.6185398900952779,5.942161825614952,3.5898329191473417,3.448651196945376,4.552693557701683,2.3790589011993966,2.6051965734491316,4.388545502857704,2.557506929239581,3.413801073777466
2005-12-01,4.783648075103179,2.062053644598163,1.1010893403602924,1.5350391,0.72871864,0.48994958,1.8277375335884753,0.9198517328815011,0.6536741126123835,2.082836946912118,1.1477671256120363,0.7436392141558208,4.763695661481173,2.1439782891573995,1.3250821080355153,3.1360629094708368,0.9510032253167597,0.4937434743534503,3.2115237574629405,1.0453172310305259,0.8549575633650506
2006-01-01,4.003351925746232,1.4479067674336197,0.793748435269491,1.3996108,0.4419335,0.192543,1.6729123056463593,0.8639139463692224,0.6213640705506115,2.1103153581354825,1.2463929927354547,0.8365327171646303,3.7919525956275906,1.4879575439848123,0.8286564885696308,3.6750597856133407,0.9114628546653869,0.22057699090669092,3.133350998613106,0.7943207476975436,0.36310477335529173
2006-02-01,4.756878172702647,1.9212817740718926,1.2019562189151225,1.4738262,0.56192523,0.24810682,2.0279834685146207,1.0852219657657294,0.7870620764900934,2.290088012402745,1.2373889368471125,0.8724609056472067,4.523065663817125,1.8722568038430663,1.1409449250089179,4.45377230501921,1.3758679888419598,0.3481124806989326,3.8003216071886903,1.1296844273590931,0.47010962028428205
2006-03-01,5.340894840217897,2.1375418618566817,1.4565807622494464,1.9033887,0.8898976,0.41277397,3.2726135318645135,2.0600277213274447,1.6461097517747947,3.4253809222864673,2.2106393639692765,1.5765217970862275,5.163514781265475,2.104287830399143,1.4917949826355805,4.9483651377846405,1.6795787952849919,0.4192828879126364,4.1688794288283475,1.314381520155099,0.6653798171432633
2006-04-01,7.21830426167224,3.5700848487024794,2.5303697617501237,2.8925638,2.023977,1.3137629,5.624064847173204,5.364220039308189,4.562738220117273,5.633884309814387,5.479293724676225,4.2509995701252725,7.170150345707771,3.4828034691378287,2.489115330768651,6.242865106680357,2.7847894886529008,0.7450435116734978,5.570223421548008,2.293639440367491,1.1598418600570704
2006-05-01,8.323099689804227,5.898370425577386,6.7707428255340805,4.071319,4.490338,4.162304,7.258593036338177,8.426806099711076,8.481941808616078,7.231793666959957,8.862060293749597,9.932882020320623,8.778070193573003,5.417893393720641,5.301385427826635,5.549267402472704,4.351478212395814,2.5504489006387456,5.977922517969294,4.037153972037948,3.53985125918812
2006-06-01,8.327520475317053,7.489856212667799,10.643619527037616,5.3639765,6.7234964,7.811754,7.7615336441934,9.498628169024133,10.763600416560859,7.482532840559088,9.21648378074076,11.79401182316902,9.51908889905229,6.690196589540898,8.316557928785192,5.6585364297285805,5.390442978109267,5.200720083879146,5.696567848140689,5.403394378970719,6.830205901401353
2006-07-01,8.133759377632819,7.794980744217586,11.531222925303233,6.056034,7.456106,9.341102,7.802251330900009,9.457291180396474,11.484045162511327,7.510729872591709,8.374760635989494,11.082213329109297,9.406073272567856,7.348958067969919,9.157803863640936,5.575681121743695,4.4767234984956294,6.0270023023712715,5.394134416150435,5.160898762582043,7.770674078453502
2006-08-01,8.530841619269028,5.64846069497571,10.050286680686982,6.304318,6.981939,9.438916,7.205725017672071,7.909869522047115,10.17429851368109,7.292918744162827,7.400263125164274,9.817058984376873,8.869873258503413,6.078757398566183,8.407001085409268,4.9826161183005295,3.3178318594292304,5.7992817185560455,5.04747198590603,3.754123249529691,7.417322318807175
2006-09-01,8.034418287048167,4.082691280637496,6.803569382361868,5.684432,5.4331517,7.3935018,5.964072056467851,5.900659950493104,7.4242105974211485,6.24060745623649,5.946509829100423,7.587620767872121,8.199525275915246,4.551010664803059,6.651443154622061,5.294777259905274,2.6635208998936712,4.860210633862831,5.065932423283149,2.919492577284538,6.393427042798592
2006-10-01,7.14652695870919,3.942683582422703,6.640689151927384,4.677311,3.895668,4.676381,4.06713849613778,3.5037169057370634,3.680442022198994,4.534660380044725,3.825413633597957,3.79718990089833,7.050614775909584,3.9554861524573384,5.071854128014281,4.6394347198489365,2.4031657117412943,3.612236571225598,4.452148492441424,2.591605744812552,5.101956396359407
2006-11-01,5.610064695614357,3.5613913340662586,5.295008655974715,3.1207454,2.2661107,2.0812433,2.613835068226186,1.528050882716655,1.234493992878906,3.0272069598849836,1.7990776248544402,1.356978865165733,5.655182143117927,3.1899106945144475,3.7772816929832174,3.5285430640185202,2.127634427028215,2.4168671684753114,3.376512059866772,2.1151222473357874,3.4223735290770945
2006-12-01,4.6227750229454445,2.2614016613403143,1.6610848134347675,1.9288687,1.1587385,0.6878036,1.7688387507924814,0.9430503632488091,0.7518584740755236,2.221310405151329,1.2116228791139156,0.9529239115429267,4.651164605810838,2.124579290429526,1.577199365816231,3.8941128960374565,1.9613130496848787,0.547989119697347,3.290133638110695,1.557129950087918,0.8272619898394018
2007-01-01,3.8758556907402424,1.761010348943199,1.1792156420883813,1.2209233,0.6145988,0.2709126,1.877397592114845,0.9683017762245286,0.6993022696208192,2.002797266719399,1.0086378636531363,0.798946847775853,3.7795547161888607,1.6783062783998381,1.154605061175846,3.2863127904932083,1.525241511607951,0.3330486114825994,2.7575008795630747,1.1838283252404407,0.5124087925791798
2007-02-01,3.8279424339889787,1.528883181870514,0.998787464564763,1.5114945,0.5836071,0.20141667,2.0780617348460737,1.1600920733186812,0.7043738821514747,2.2765337647515773,1.2967321428960932,0.7285568496674305,3.643323793829488,1.48683507475614,0.9942707270338128,3.800295704434501,1.3742215662213937,0.2879864425953121,2.941629357141683,0.9924778532637563,0.4320620671126129
2007-03-01,5.215507024300584,2.038614746815722,0.7392654116183633,1.9482746,0.9335598,0.324985,3.322075527234839,2.55981661573493,1.7315208249832736,3.5310283039248915,2.76683728389209,1.7987770456614787,5.184246982325741,2.0622216295364817,0.8023403025517463,5.015748750548864,1.8254464064531641,0.18988069338927002,3.9701400836429617,1.3570730997729468,0.21525245801403334
2007-04-01,6.954844382411507,3.210637085304315,1.1940460809122655,2.7796414,1.889748,1.4174252,5.8314016846754715,5.4108078427745365,4.272550678221832,5.811664685017069,5.317770333710673,3.460822812301054,7.1415334186186605,3.193159207833173,1.198611349872358,6.658903840936327,3.0780694843744225,0.3408993861210049,5.514867916349649,2.4117641764551663,0.40580112346824465
2007-05-01,7.005778128877862,4.475622168682357,5.268899265012925,4.466472,4.3411193,3.9211977,7.265083964349656,7.727075141835978,7.930534769210143,6.960642327618975,7.883484138197543,9.212008487339382,7.508085242611927,4.457966792723244,4.272478379633223,6.1154895374959235,3.6686732157177913,1.817389399804389,5.376593366613531,3.2274026798449857,2.41664257728799
2007-06-01,7.01690712042437,7.29847727425425,11.174578419162271,5.1672115,6.6218114,7.8001623,7.830279651709643,9.345524526644107,11.400585342670755,7.360459199732461,8.497082567640122,11.208165681164553,8.04741334532553,6.778830613738018,8.836607032407759,5.271271154043951,4.842181821977312,5.3873396626698415,5.2267422457924155,5.02536280129479,6.834141165477449
2007-07-01,7.985655418700478,7.008680299337791,10.499038886800838,6.176615,7.4294605,9.12683,7.878123081558453,9.540349223334324,12.18991014149974,7.503332127878168,8.788274889921144,11.388847660831464,8.859910367537713,6.898435942851863,9.176103367061977,6.523732206808783,4.810774825189758,6.074224045756116,6.010016167079122,5.044169548032581,7.652658802935136
2007-08-01,8.585507090452737,6.804112779438213,8.317304222336094,6.6666017,7.415429,9.315256,7.242397830429503,7.60058498014385,9.819895587895163,7.36311893990054,7.2567459475832115,8.98977136390157,8.880416753709987,6.590593116916326,7.795227227869933,6.241098352738773,5.247612876558361,5.41604295265218,5.751720932024214,5.231662502301722,6.835929188654514
2007-09-01,7.614145964009511,4.21164638397232,3.570059882015984,5.887065,5.4766517,7.203751,5.918753193788265,5.538091398047877,6.582122238111257,6.379380727700023,5.967617152233651,6.643991831601798,7.892403048625275,4.769032538283485,4.308483978143481,5.273176829402485,3.365942328654367,3.4331255951074096,4.987943376957157,3.5004774353153434,4.381329968989957
2007-10-01,7.273436489297299,4.10131253522059,2.1163190063487316,4.6036615,3.712446,4.2144103,4.166437160609355,3.588133852409532,3.75595137026012,4.980220142881086,4.256109685933168,4.122367012786041,7.228584148069553,4.189193625241768,1.945206883077571,5.393417822734607,3.033205905836087,2.2520302657226874,4.981708238658727,3.1158176496887866,2.8349092551731463
2007-11-01,5.924447788271061,3.6181364371164837,2.041043309248617,3.193138,2.1658883,1.8679307,2.630571959078357,1.7605048882533019,1.5593271235076407,3.1622961059269357,2.183642029533833,1.6827765402394124,5.74483970423087,3.175328707078557,1.4371569899907626,4.3598731890999245,2.106826258160138,1.4152969217492104,3.9368175981004727,2.2199941872817104,1.6689743851084426
2007-12-01,4.462173487229881,2.1789226870709,1.256147222551461,1.6613258,0.9301976,0.6198812,1.863870005679372,1.0234928701424175,0.8255307534159978,2.338027506935943,1.2262797754478736,0.8883449795569804,4.401850960789242,2.0283025082320187,1.1648517878892886,3.436198020065817,1.0190682436115286,0.43638255863606507,3.017018025451027,1.0149940221043188,0.6831757982604221
2008-01-01,3.7668275995159632,1.6336984368420555,0.9173649363991428,1.210485,0.5206906,0.24892898,1.7075964055013253,0.936914753457639,0.7008363238276519,1.910451085829971,1.0433226007837246,0.76105730705477,3.726173349988407,1.5542187158558483,0.8915845081011318,3.2167111972944036,1.1099477057193263,0.2893061813224553,2.7384389907401734,0.8824982608096259,0.4432060668869363
2008-02-01,3.673086979953318,1.5444245253635467,0.8907763048686036,1.4635476,0.55884635,0.16726723,2.1194042583188453,1.1842009942223135,0.8077424929636866,2.4979712638658715,1.3539173421775392,0.9064577306111244,3.6414564550285746,1.5359383774152924,0.9249510211858286,3.667139066535534,1.2513925648459159,0.26600202459485317,2.8972858655097964,0.9419488637601139,0.3901276897250275
2008-03-01,5.5255092852024745,2.209978591059627,1.0445038369776745,2.0884986,0.98061836,0.42158625,3.3182936855547123,2.0586740595750843,1.5323581331670633,3.4380965869838818,2.088558950768518,1.350108497681736,5.463432150097573,2.1479637461023864,1.0200148416046602,5.408722367129909,1.9838939332985421,0.28238953516244425,4.350840825978192,1.463691542177028,0.3434373354040268
2008-04-01,7.194798292948793,3.4545325812848984,1.8228614778586416,3.3010607,2.1592014,1.3663102,5.972043381579596,4.945123953007464,4.156525636809253,6.000450178328663,4.8020293299459835,3.619554336437566,7.1888006245191605,3.4144724407654232,1.7337277630874925,7.102820755891622,2.99047476903914,0.5604651512054317,5.73900764359764,2.3430772607247814,0.7649288721322781
2008-05-01,8.170867444926849,4.605867007637256,4.336796172125838,4.679005,4.8201694,4.2076306,7.5200070231196126,8.009618463108783,7.696657832786072,7.36503602840232,8.38851410914465,8.779677689646276,8.285971162433526,4.630769210065149,3.8605066024413692,8.286828515474383,4.006972635023812,1.5373960555192523,6.877105325733314,3.2419579001039014,2.0888907464557027
2008-06-01,8.525938568400539,7.385375875281561,10.002105639732559,5.5612864,6.942367,7.886259,7.986156711772963,9.445225135808936,10.438750164906796,7.617212899118773,9.311105911662647,10.739018778071861,9.369325418055169,6.891385458940016,7.759031538298029,8.666703486797267,5.87238368810547,4.668032432601138,7.933428329172759,5.3904049606735045,6.167948706454425
2008-07-01,7.811723321970679,8.101879131602752,11.239443589843576,6.0251217,7.8460135,9.38344,7.917715205613629,9.533511023413638,11.152908493805556,7.560386443849468,8.757104176682734,10.68046096672256,9.000377059434706,7.458904507536286,8.958756035471293,6.534861864468029,5.991174452855246,5.9149682488169875,6.733180408380832,6.106966430341737,7.676943513220518
2008-08-01,8.694042984994667,7.528684256224315,10.154189258611842,6.2469788,7.139461,9.413957,7.421720039896273,8.435002679376575,9.980864075435123,7.225004217923178,8.008285310312385,9.866766110713584,9.151995346613509,7.022504673712207,8.409512517195495,6.220992370515366,4.682372125688973,5.686988788257753,6.1555417208064025,5.184194663412246,7.2938937941665705
2008-09-01,8.352269228385545,6.4855162704135925,7.190303677230672,6.0705633,5.7885265,7.116801,6.002488287203986,6.407895282250988,6.8861082030484395,6.285571927832455,6.713995503247888,6.827767534458869,8.304940723427444,5.952895925119069,6.6877574771616555,6.870494503172221,4.450602934540212,4.816919151518221,6.0989248913838585,4.419444092746864,6.1457054253160095
2008-10-01,7.802702018717801,5.44938615834193,4.370817121672777,4.835672,4.1997957,4.0629478,4.0606830593418595,3.58794126165431,3.3171678470053694,4.612104905989645,4.209873620370094,3.624505478674814,7.548772385798179,4.907859777285196,4.561345853725838,7.092657480231471,4.126788901911272,3.634331491777644,6.056428031823502,3.886168034109533,4.5231003581755385
2008-11-01,6.223355545832254,4.248711774221363,2.5349374788353973,3.0246885,2.1461954,1.6352637,2.49491985830495,1.5408138825630118,1.0239460684550579,2.9380009368949143,1.8895177988464815,1.3176096900795373,6.026191634116126,3.657251616790751,2.6315455802404557,5.52715052909483,2.749772072929075,2.0318999478584345,4.759601220455542,2.704270287543948,2.596649434888932
2008-12-01,4.676270190334673,2.2318182815489087,1.0937501659278688,1.7732462,0.8177054,0.3994651,1.7211266240459393,0.8712909495096021,0.5714427912902833,2.1481341667504124,1.0626002080600638,0.7336723201675597,4.607011144421393,2.1295876485263974,1.2166390827309566,4.18525025710614,1.2428889138443118,0.2543909771719181,3.5888072982453134,1.165813453839941,0.5587347325512767
2009-01-01,4.050087102108444,1.587686981954041,0.8724518153961465,1.4274743,0.546265,0.23431337,1.7491037370838523,0.8530661409164338,0.5006601610754156,2.0254266703379673,1.0010256447839594,0.6101406819086285,3.95758010427022,1.5384561020433427,0.8547499839791753,4.104625233183308,1.3422989563302874,0.22803280445565555,3.3592389145880515,1.0309658446511352,0.36395422012252465
2009-02-01,3.7971611330093364,1.5614122323384647,0.7638308228742451,1.2945989,0.55452675,0.14278297,1.9458701928126392,1.0836008101164407,0.636295371354408,2.30043848364625,1.3088425712244962,0.744335146247187,3.7418218289245426,1.5477033135222618,0.760005217350028,3.7865007072566654,1.3198221077652548,0.21065567400350632,3.111043255789812,0.9687625178849909,0.2617161854447454
2009-03-01,5.248401023410746,2.16888883034595,0.7385307818827788,1.6177702,0.9088895,0.42825362,3.1379898969574485,2.1483846477929953,1.4665212416634776,3.255460227825398,2.1508184257835605,1.4107767030607465,5.277167803034145,2.1375427579387236,0.7033439981008597,4.918682730445288,1.8148209799108026,0.1902525261678472,4.1787298405595985,1.418815080959569,0.18130684804747854
2009-04-01,6.4891894446578755,3.1516348368234826,1.9023758301664002,2.6401517,1.9868176,1.4047043,5.589663341676831,4.697850752352377,3.632798380881559,5.473318685282404,4.412632866606505,3.014446229640938,6.719031603033853,3.0912497012221087,1.9967018601911195,6.373475089388896,2.7144831235181672,0.6530354603283427,5.501851396767971,2.1617624760423886,0.7967454641272217
2009-05-01,8.132745470435083,5.368355275157242,5.034191512855496,5.0475287,4.7084475,4.103002,7.302133885307195,8.030247410862685,7.977259954098966,6.829113206820865,8.21904055573819,8.81292472559059,8.605383879254358,5.072626915737467,4.313136625318553,8.591636779129356,4.13379176139377,1.6534549911249257,7.128907862506164,3.550663792775622,2.1010657047548382
2009-06-01,8.484276834993246,7.394791467845378,10.09149637172561,5.84392,7.0215564,7.887772,7.80384341467092,9.310551849950778,10.500506431845078,7.677779772313566,9.219492097550646,10.734408537194643,9.167399945661389,6.612608690835342,7.876834274550083,9.51539227175176,5.950078264832724,4.946148467784001,7.856256700935166,5.450541873638923,6.40520305947246
2009-07-01,8.543342528044967,7.948669527530821,11.395276187118172,6.3692675,7.77868,9.464081,7.6994048233049055,9.431530389470876,11.249427981781157,7.406699356581476,9.03633333432051,11.533168864083105,8.97589387023289,7.28160796640697,9.018220364154791,8.987773214788447,6.526242205494297,6.070192034834257,7.679333941887636,6.189871309717841,7.617340861566659
2009-08-01,8.162957901697812,7.573785494072734,11.02763682740318,6.424812,7.353374,9.478148,7.390681887065939,8.829191929466157,10.435498629434042,7.186316275192466,8.63928242197611,10.462260439270638,8.554927860498806,6.872046357238669,8.572474166768798,6.340619713813457,5.540289845845504,5.774184182155942,6.366843418520133,5.532258586681332,7.306811597107202
2009-09-01,7.344142619553615,6.577665989801934,9.584829017806575,5.8135986,6.107802,7.52496,6.098963589268264,6.313775818262357,7.325130939093768,6.431252121111064,6.70441984211447,7.637152337465946,7.5630507354466605,5.951847609047824,7.357874550744492,4.296080251400075,3.982588819094792,5.030332493771658,4.60665131553769,4.346098945108809,6.440572645056335
2009-10-01,6.546810092369731,5.424299610137469,7.5900258784706685,4.7159414,4.2842155,4.5115123,4.304596252677373,3.490389635499656,3.500852688802606,5.015073471775999,3.6963884294387923,3.550293066693471,6.520341412799447,4.712907071190276,5.669239279581806,4.258138094172836,3.535378201588024,3.989419747653488,4.1372646009710605,3.620712774429826,5.231119445482049
2009-11-01,5.680738240176259,4.164853633512516,5.29581191370276,3.4239202,2.5514984,2.0793307,2.8115617794080356,1.6265394081870064,1.2393336723875676,3.2418335761701202,1.9544235230523137,1.4898249590510653,5.618012002183212,3.424744135718909,3.652477458877389,4.4708190505795775,3.0966813069219326,2.404465571461777,4.050568531863439,2.844674474522616,3.321017348366091
2009-12-01,4.526075170112458,2.5143486968576285,1.8816957862491073,1.9561476,1.203207,0.6758486,1.9826469387986265,0.9949231007030483,0.7502814041321296,2.042268309918724,1.0127643040361105,0.7800326679692721,4.543959870036533,2.34209124015471,1.7729959966954372,3.9516239441527805,2.088474432603247,0.6445446762191244,3.447087028128535,1.6866958412658575,0.9461527636499245
2010-01-01,3.535378816220917,1.4542784629399972,0.887091548085243,1.5136201,0.53997,0.22465013,1.6059125460555608,0.8178378360761805,0.5475703755104248,1.7621978889585594,0.9084537961797695,0.614001455651226,3.4723774250444785,1.4275744507660295,0.89836841287068,3.6611920809565115,1.2576287149867305,0.25308626360978564,2.9297381016181956,0.9533462835182336,0.3792166377930411
2010-02-01,3.8759483813990383,1.4002826664296975,0.6423564910018373,1.5334791,0.52799517,0.12579772,1.8485093311255916,0.9813269957338333,0.5218477214468226,1.9620401858169478,1.0059945009569127,0.5585565447663736,3.8625960412320115,1.4159425405370787,0.6611071895849668,3.7721207381945376,1.2203351117657537,0.1688412838564434,3.06032277305748,0.931828974791771,0.19744366797751126
2010-03-01,4.564702651194327,1.645208899463427,0.2922035611453762,2.0072474,0.843683,0.32897496,2.7937238859856004,1.802886568856703,1.4426536656828997,2.9062001104543502,1.8919383889931896,1.4097979586878746,4.582416061325725,1.6627823280929799,0.29064502671115633,4.3865253234244586,1.5015892655295517,0.09511995832533938,3.5135439716458814,1.1105682595981496,0.0844875958151321
2010-04-01,6.910825371475651,3.48151073505351,1.517662759440287,3.223802,2.031388,1.3214883,5.710914337474281,5.514363427906451,4.9317232957019606,5.74636947889852,5.820899227941773,4.804303015945259,6.936384710557615,3.4287064757599732,1.7156577431607811,6.803555465216946,2.91332829987725,0.39960163534471743,5.515193082869043,2.392496858238431,0.4901292200618607
2010-05-01,8.608387753028216,5.535554531793144,3.8006514943962837,4.367804,4.480088,4.0079045,7.5418004169557715,8.777359355826546,8.963815092054157,7.385021053236387,8.961550043680536,9.891801365586304,8.782017507231036,5.331260693291799,3.5280578949600394,8.996014857004498,4.646588746141414,1.1573877004472979,7.420614693873481,4.014054954415048,1.3916271939448175
2010-06-01,9.063690921996047,7.995891089806853,10.849001881977081,5.1823206,6.7283177,7.8035135,8.07550023023298,9.922298641980325,11.30681640366926,7.8421260629004435,9.069090485662143,11.002144778555168,9.457275128327044,7.219007820334296,8.387397084972074,9.53366730358775,6.4759448527041785,5.223664007957081,8.219189806025154,6.115888495119524,6.75101096772266
2010-07-01,8.557056830082312,8.586821280688383,11.951051896128584,6.4122,7.68515,9.486736,8.014812823347333,9.831866511877301,11.780809144380825,7.943384706976264,8.951639253614072,10.874511604928765,9.145646683469568,7.729397056619682,9.299088275827726,8.206492438440335,6.89747199372214,6.28044362754228,7.619225901266031,6.771969809603022,7.927174153578253
2010-08-01,8.366069060674128,7.914343268521687,11.21549531375027,6.4946322,7.227734,9.361991,7.547071327783338,8.133870486641058,9.672986225245497,7.570008747775066,7.892288143183065,9.385038827234661,8.820377682526937,7.09297819764888,8.907354905513811,6.178579249285739,5.371136402851161,6.008386565496555,6.407329449928461,5.731677064643267,7.59751730280129
2010-09-01,7.699872781940776,6.037207316711571,8.853517245433324,5.882304,5.6473327,7.338385,5.978818466879836,5.517768626055992,5.879353780602813,6.3322362092677436,5.927123339553739,6.174230286831585,7.987227348839894,5.6573537406468875,7.359443884300328,5.594553497844392,3.5094873870194827,5.006985438055615,5.423137628494135,3.9814797675244766,6.577829446648239
2010-10-01,6.834626878802883,5.113824952101716,4.926367732502638,4.4444604,3.756005,4.1665564,3.9957189771328467,3.1252221294134324,2.610718077900554,4.573076580489019,3.764153580682002,3.053703554396096,6.990831645891629,4.782015718592046,5.330082315280601,4.125482985153025,2.6528779646041936,3.467747322322564,4.205453483679984,3.165659135670754,4.992921034412955
2010-11-01,5.841207929707113,3.739838830267623,3.0276338051304355,2.6426477,1.8591068,1.7990248,2.5414910258077925,1.5704432905604626,0.8991291571679132,3.0461216792292136,1.9804059699031995,1.2365202339919459,6.134410561384468,3.576874998571918,3.3108545111323346,3.5396745620510557,1.8289509475392318,2.034523289228437,3.52908946287987,2.1088871261897753,3.25337463406606
2010-12-01,4.071051523944165,2.178877865174291,1.064710589040355,1.5419521,0.9047578,0.53083,1.706482237659194,0.9718902238617071,0.5170659087806645,1.9608953319742295,1.1100016931522392,0.5995599459806373,4.367283886689252,2.059568773640215,1.0918641581785133,2.6401398646034973,1.2506327896688598,0.14794640729176367,2.5599089738891045,1.1117579334282632,0.47309071340914594
2011-01-01,3.020374980431385,1.4406457363139469,0.6566429803442952,1.0531772,0.48871872,0.15874808,1.5355396782509358,0.8742208609661458,0.48575265695865505,1.789980455373568,0.9792167260899172,0.5766687750219379,3.2185046010027873,1.407349716666359,0.6839411490396853,1.8529951808194915,0.9306739845857775,0.08932788988523897,1.9202612775564236,0.7848740370840892,0.17225979481843193
2011-02-01,3.888170444274615,1.5150878821884617,0.4781765117961037,1.3009405,0.495199,0.1389651,1.9435052534228572,1.112818829635337,0.6613394116659727,2.3079410737759396,1.3266357783700586,0.8147392919707034,3.9877588315121453,1.495168796724517,0.4352980287748022,3.1679260936169125,1.1716894016297235,0.1341354043936755,2.891213468557109,0.9281907891904697,0.14086747903632837
2011-03-01,5.660018951039552,2.130747497032831,0.6038278934967234,2.0362601,0.8857503,0.45871502,3.4398088885595812,2.348222774738469,1.555964276132798,3.6260470848202813,2.40670429863728,1.43884494839235,5.5893854527578455,2.0676072844357023,0.6539903682636552,5.2364674982737665,1.883701531711054,0.14919108892255278,4.397155518755516,1.4542308867017053,0.18862669809567806
2011-04-01,7.11302097020485,3.3684522988999612,1.5252063499291884,2.8484778,1.9885471,1.3699089,6.140789475743014,5.428898963408858,4.281396046202762,6.102579541400463,5.315795264331472,3.8771706375954142,7.135181369885324,3.2098044340410983,1.5591231538411319,6.067491456523872,2.5790514210524687,0.45775612958293665,5.417768121682299,2.1319875934791455,0.5616442546195529
2011-05-01,8.035802033814951,5.320690149856518,4.4033536962979305,4.5778995,4.666334,4.2582703,7.386990279758099,8.19433382928789,8.349314864879654,7.290305935627763,8.437922881544283,8.783228201446398,8.423849265522868,4.949767642791107,3.5944014756942098,6.1217412282766865,3.940418104234959,1.4345090527402593,5.887670776308853,3.536007819230593,1.8314843978272048
2011-06-01,6.986988490237871,7.553665995547332,10.170431976452406,5.072131,6.9000316,7.8709383,7.570697734608541,9.311684700864273,10.498811300731989,7.001154989622911,8.517942529349122,10.505116849655836,8.251560585958968,6.874095027862182,8.030076515553116,3.9250378940713615,5.434438557986525,5.112577704250162,4.238413773902824,5.4653461192664965,6.646849351790256
2011-07-01,4.913853288724399,7.6288454957246765,12.129427962361815,5.5120134,7.539611,9.516948,7.712965625521669,9.363115008084446,11.317259545535757,7.378326456240767,8.317390609909143,10.499003709124242,6.9020970376580895,7.176182878741174,9.61901167559422,3.3486690168859954,4.952250292456067,6.447988823023027,3.4700329648783117,5.328263281865303,8.258921093442755
2011-08-01,6.641360637035883,6.10815871860692,11.124770428955456,6.499149,7.046651,9.566251,7.086042367582718,8.032582556139115,10.187493352478338,7.147771545366598,7.329636426191447,9.882634855065898,7.734546259616621,6.005445665973874,8.993965382963488,5.008391433770544,3.6454952740721285,6.0609816955470235,4.623338853716869,3.969535664306975,7.6917358041685535
2011-09-01,6.758996241361468,4.6103611987459185,8.932666870719256,5.543131,5.5811267,7.271382,5.7158842050401795,5.737435384762052,7.0372720760920595,6.007173903339569,5.638364900708196,6.938080474527001,6.577579345188715,4.605572537121169,7.61108462081475,4.590958602474364,2.3516089943039846,5.273699709344513,4.180383036189441,2.8343970939574348,6.762121865808022
2011-10-01,5.966384299081027,4.110486727061371,7.059436257089206,4.4951897,3.7930045,4.5820813,4.071028088392141,3.3174092344258383,3.323391427250937,4.5542870861068625,3.762104847911701,3.5356535467660173,5.920771917013218,3.687355697711412,5.37503754189226,4.927836725148252,2.7354389687781397,3.7076964162366557,4.264709209152113,2.671991377210939,5.129666770914312
2011-11-01,5.4012184546247815,3.479925772239601,5.437159332823502,3.2154653,1.98879,2.0590978,2.4995445296628067,1.570277213076838,1.264454349182187,3.109862666543283,1.972169893285842,1.4827087901202316,5.340780506700253,2.9985219295656402,4.0259829289013425,3.901540688852897,1.9019487127284223,2.447643908217871,3.405959048103097,1.913710549836954,3.687681164713137
2011-12-01,4.247323896055019,2.157453555066678,1.8055426354631454,1.6509252,0.9404694,0.72070885,1.883476249322935,1.0698525740471103,0.8585695592810594,2.272613226849511,1.1758298333604178,0.9078443996001215,4.185949856386503,2.0258855623659295,1.7029560127126189,2.39872764626669,1.0582757536638632,0.5958341078428188,2.2812680892327357,0.962371105925566,0.9571536703200717
2012-01-01,3.765977826902598,1.700742710673673,1.1358250469791302,1.2126398,0.60962117,0.28504914,1.7551385457559165,1.011512826395746,0.7340236748469751,2.1586385630019693,1.2400185025250894,0.8455648480593972,3.6532062751166583,1.6254727801231195,1.0851627359345628,2.494723972557992,1.3599846792251267,0.350704815778574,2.2330032464154677,1.0432232314383894,0.5407826737431858
2012-02-01,4.089316063631251,1.9606473963094329,1.1622722781888815,1.3684579,0.66947585,0.21675356,2.2764743435150625,1.3586478214916555,0.9450724708557,2.460929809034861,1.543173346545448,1.0571705233381323,4.021913284315883,1.9173447045171175,1.1443270779469603,3.0205796675268988,1.7353968635979964,0.340568868209301,2.6533130811746233,1.2820616750356675,0.510216459543544
2012-03-01,4.4715622590974,2.4593573495712917,1.6513757544119445,1.710987,1.0253634,0.4769804,4.0964046333713116,3.2374086570361964,2.5728634377539596,4.195569698470569,3.4233393598588187,2.649398287222853,4.446466830876685,2.41390109408689,1.6615068543039795,3.846109858288624,2.1290777158040455,0.48886126786938155,3.184976384172704,1.6003324052180827,0.6439560510979592
2012-04-01,6.436595795057951,4.020952809869256,3.4111247412470065,3.182339,2.3729439,1.6436782,6.667863790476479,7.2044427184126105,6.1332827106476175,6.6710127208569965,7.67578453539096,6.263863481253946,6.630836656042521,3.9938881444386936,3.349951074487665,6.671241019458922,3.519935723978364,1.1326903561964776,5.352059807157066,2.823746045286956,1.5783315626281262
2012-05-01,6.797822692112915,6.176272021353377,8.17479350366032,4.6362,4.790464,4.2094617,7.764019964009819,9.019461765284856,9.589836947887314,7.316955129902995,8.845881030368394,10.344231192225191,7.347766765334959,5.563293278230078,6.09127736006214,6.464317992987143,4.845557849372715,3.369432739360532,5.695368204881386,4.301349837695342,4.61327584689852
2012-06-01,6.553159848990656,7.622029572025597,11.627361481491166,5.5920157,6.579574,7.976351,8.056156760042803,9.658166950331815,11.214153767463527,7.599509051090341,8.910746397995114,11.533430310985057,7.442479916977997,6.943201986880869,9.085650090988548,6.085687402997676,5.935952255214218,5.864760008940291,5.6903225604703085,5.663394666015061,7.552448810402709
2012-07-01,8.06007626812645,6.545120646116216,11.12108398465881,6.6794944,7.346917,9.299984,8.168494061525877,9.076949317240869,11.120438591323639,7.644781458271847,7.728103992568524,9.611752802717652,8.789203037530712,6.670045158556937,9.407648413416013,7.925217828738388,4.815819599820288,5.820617401839112,6.782590694400471,5.084085125428015,7.78187397944749
2012-08-01,8.099376654263844,4.2532493572144245,7.564217979001634,6.677239,6.8873386,9.265943,7.6474493880907275,7.662702837699017,9.756872923932715,7.3790437358773815,6.923183417652358,9.396826313917511,8.515297056063629,4.665280893467477,7.73663150356949,6.918559512031969,3.2625344339018856,4.756178960818595,6.0870783674142395,3.2222819759525074,6.4503694514499585
2012-09-01,7.9232953146424,3.639435423909541,5.567422552820825,6.3517804,5.759899,7.3217072,6.090195765978618,5.851945898253356,6.851003477771303,6.367024948103349,5.859530788601223,6.796846738025395,8.158130229562081,3.9146897911377208,5.854673329257036,7.361456105723825,2.9318846884569116,3.7740162502319223,6.276860184494825,2.8266846846604885,5.183506584877269
2012-10-01,7.128754310402981,4.424901755765264,5.743559029990395,4.9777794,4.2528286,4.5571647,4.106101694836118,3.4947336741396353,3.2152633555235064,4.6993615044464985,3.881049172676721,3.3879378050625997,7.155146637841178,4.072654589812285,4.557405735920591,6.682433494595717,3.120691783150463,3.327978492624172,5.627345948966213,2.9744167440985865,4.363116082538603
2012-11-01,5.747220996170344,4.206540025456245,4.74662298192042,3.0469406,2.3087587,2.0043752,2.4733056385074152,1.6128296132087356,1.216544499928893,2.9280024353717877,2.06161538352041,1.452138348499148,5.653943136762946,3.5066701539001097,3.5789119571438714,4.736524986994356,2.7023834424882502,2.509588306492229,4.171205483089774,2.574761168019188,3.3710009933223097
2012-12-01,3.816568619596949,2.24862934229743,1.5774436662237958,1.4083124,0.855211,0.54988295,1.7430982418524732,1.0296452094450066,0.7832214590249014,2.2119647713531347,1.3359981750754713,0.9544381909281787,3.946234490437679,2.1371253039825535,1.5796975993547164,2.823134264675909,1.0330919585504972,0.4758366414309259,2.7184118579192607,1.0096621390066696,0.7731655417020106
2013-01-01,3.4695948924181796,1.6912157143990245,1.1131710620680446,0.95883113,0.46133986,0.21142025,1.7179162476008427,0.9569726681703761,0.6632688513511238,2.0913764159472836,1.1129510223683254,0.7802217113678295,3.5208663111533545,1.6485606995742972,1.1253253774660943,2.880761254075178,1.0811300506571915,0.32137476152271766,2.5411969558135685,0.895801172469025,0.5235035148328765
2013-02-01,3.9014711746969586,1.7371263591019614,1.0748637762745674,1.3401331,0.60460836,0.20654885,2.152136207446521,1.2121308941518654,0.8518696662977425,2.364812001846479,1.353682518340031,0.9108501378228363,3.8423688499002138,1.6698695988470633,1.100855082386913,3.797469270270027,1.5096002470398608,0.3109932855824986,3.1250192677956288,1.1026065303708592,0.46278628131071686
2013-03-01,4.720453966189974,2.1972432201545176,1.3505284439887482,1.9209894,0.9423422,0.4164666,3.039317793302513,1.9863888894906314,1.4479225681171501,3.0895749597277904,1.9558497668935835,1.2842273944162415,4.74716208256389,2.090816325348416,1.381991527261731,4.793600319708203,1.8894139635060951,0.36209784596955064,3.885113102578535,1.3653228309182115,0.4426024214815642
2013-04-01,6.211288301412639,3.1998735003254186,1.9339322551982103,3.0346556,1.987615,1.2275178,5.604170718676062,4.85570771022648,4.145191167281624,5.2764306087133575,4.546896774269751,3.4855630560513307,6.430647203580877,3.1709732535903883,1.9988234149804247,6.341571554724169,2.6651572279014757,0.5910036432512308,5.230960300302508,2.1244283520878087,0.7889195902380491
2013-05-01,7.688568852804079,4.5268338384131575,4.107043583777597,4.9495006,4.767153,4.147863,7.7117967085701835,8.061570059781076,8.394820343210679,7.521511317485383,8.176846737128018,9.396955706157312,8.169758178510326,4.551269789350274,4.09385571901406,8.314853265153086,3.8630526335796276,1.5211685416310619,6.900102738753071,3.2083458437365784,2.1544550225785484
2013-06-01,8.6750319478521,6.7019606637286255,9.898677253543054,6.073048,6.961368,7.8935957,8.374215023141213,9.698481156025842,11.027380022529202,7.823445747621819,9.2419189248417,11.443680337067205,9.263257808494846,6.374095185731563,7.844752468745158,9.467473516320144,5.299198964874551,4.437259014890916,7.976066753767567,4.828937708713885,5.818122005896202
2013-07-01,8.584322063808285,7.776993687851289,11.770634154000774,6.872409,8.030771,9.457904,8.446293728741436,10.015568407021838,11.976292865025808,7.760125666793213,8.880906412247011,11.512400835111253,9.180058820389174,7.154729981513772,9.291542883438305,9.581195139812296,6.319463460566075,6.307703328267175,7.929049387248312,5.897573982816813,7.972461420864421
2013-08-01,8.767871026687288,6.9183514621389675,11.119783357422712,6.9565263,7.5947843,9.5698,7.77312971624436,9.079992961915991,10.796513462706018,7.367553760626626,8.49139719236895,10.91583650512686,9.216290155048835,6.597476143434346,8.562973131595772,9.500079649126427,5.683940273442945,5.986949277957271,7.622880344379085,5.319129339983068,7.526879426508345
2013-09-01,8.050555670019216,5.918522627598777,9.296119752004062,6.086384,5.8865557,7.4494796,6.121849941264796,6.202623323166404,7.436335383465369,6.439338762894129,6.339394438851907,7.626583646736884,8.241833021781856,5.689053005258133,7.41164474941528,8.39765167880857,4.568038588380364,5.2415098082003775,6.84857065331582,4.404602199603502,6.66525931488928
2013-10-01,7.097273498487998,4.825105239982483,6.868464501631784,4.907758,3.843833,4.4535713,4.236539355228057,3.742328284289156,3.599954083240113,4.895440884086927,4.237843020445888,3.9658010931203633,7.054995569390525,4.746273124570306,5.704052468196791,6.970760854167422,3.6279933822005064,4.067906453011143,5.928250397854143,3.69174453399055,5.512192479402929
2013-11-01,6.022002453737521,4.11046164292727,4.678995913090345,3.1168597,2.2073221,1.9957896,2.706309242797124,1.6607159127671902,1.1350748952976668,3.127468238480931,1.8672778684598246,1.2728551334341116,5.885794278640401,3.680901084480944,3.7295587286241143,5.565906530917799,2.68575328190733,2.404964710623232,4.926814093086093,2.8029307574085762,3.5254914430417004
2013-12-01,4.1925513639812735,2.066795789420622,1.4653960437193254,,,,1.9317288549362586,0.9328374091363871,0.6441754725178717,2.2561276986056553,1.0336274809554513,0.7641033422146303,4.099410345705186,1.9326887161079855,1.4447966608005336,3.5608485516651323,1.117471832895879,0.450299971769171,3.260663021901697,1.1057106118667004,0.7354901140937292
